zaryab shah,zaryabshah@gmail.com,zaryab1234
gohar shah,goharshah@gmail.com,gohar1234
yaqoob khan,yaqoobkhan@gmail.com,yaqoob1234
suliman shah,suliman@gmail.com,suliman12
fawad khan,fawadkhan@gmail.com,fawad1234
salim,salim@gmail.com,salim1234
kashif,kasifkhan@gmail.com,kashif12334
SAIFULLAH,saifullahkhan08@gmail.com,saifullah596
jamal,jamalkhan@gmail.com,jamal1234
saqib khan,saqibkhan@gmail.com,saqib1234
naeem khan,naeemkhan@gmail.com,naeem1234
KaleemUllah,kaleemullah@gmail.com,kaleem1234
rahmat ali,rahmatali@gmail.com,rahmat1234
umar shah,umarshah@gmail.com,umar1234
dawood shah,dawoodshah@gmail.com,dawood1234
