101,SAIFULLAH,Computer Science,3rd,3.9
102,Kashif Khan,Computer Science,3rd,3.7
103,Khalid Khan,Software Engineer,3rd,3.6
104,Khalil Khan,Computer Engineer,3rd,3.8
105,talha javeed,Computer Engineer,3rd,3.8
106,Hilal Ahmad,Information Tech,3rd,3.6
107,Abdullah,zoology   ,3rd ,3.7
108,Saqib Khan,Software Engineer,3rd,3.5
109,Dawood Khan,Botony      ,3rd,3.9
110,Qasim Khan,Computer Networking,3rd,3.56
111,Umar Rahman,LAW and Sharia,3rd,3.67
112,SAIFULLAH,Computer Science,3rd,3.620363636
113,Kashif Khan,Computer Science,3rd,3.606636364
114,Khalid Khan,Software Engineer,3rd,3.592909091
115,Khalil Khan,Computer Engineer,3rd,3.579181818
116,talha javeed,Computer Engineer,3rd,3.565454545
117,Hilal Ahmad,Information Tech,3rd,3.551727273
118,Abdullah,zoology   ,3rd,3.538
119,Saqib Khan,Software Engineer,3rd,3.524272727
120,Dawood Khan,Botony      ,3rd,3.510545455
121,Qasim Khan,Computer Networking,3rd,3.496818182
122,SAIFULLAH,Computer Science,3rd,3.483090909
123,Kashif Khan,Computer Science,3rd,3.469363636
124,Khalid Khan,Software Engineer,3rd,3.455636364
125,Khalil Khan,Computer Engineer,3rd,3.441909091
126,talha javeed,Computer Engineer,3rd,3.428181818
127,Hilal Ahmad,Information Tech,3rd,3.414454545
128,Abdullah,zoology   ,3rd,3.400727273
129,Saqib Khan,Software Engineer,3rd,3.387
130,Dawood Khan,Botony      ,3rd,3.373272727
131,Qasim Khan,Computer Networking,3rd,3.359545455
132,Umar Rahman,LAW and Sharia,3rd,3.345818182
133,SAIFULLAH,Computer Science,3rd,3.332090909
134,Kashif Khan,Computer Science,3rd,3.318363636
135,Khalid Khan,Software Engineer,3rd,3.304636364
136,Khalil Khan,Computer Engineer,3rd,3.290909091
137,talha javeed,Computer Engineer,3rd,3.277181818
138,Hilal Ahmad,Information Tech,3rd,3.263454545
139,Abdullah,zoology   ,3rd,3.249727273
140,Saqib Khan,Software Engineer,3rd,3.236
141,Dawood Khan,Botony      ,3rd,3.222272727
142,Qasim Khan,Computer Networking,3rd,3.208545455
143,SAIFULLAH,Computer Science,3rd,3.194818182
144,Kashif Khan,Computer Science,3rd,3.181090909
145,Khalid Khan,Software Engineer,3rd,3.167363636
146,Khalil Khan,Computer Engineer,3rd,3.153636364
147,talha javeed,Computer Engineer,3rd,3.139909091
148,Hilal Ahmad,Information Tech,3rd,3.126181818
149,Abdullah,zoology   ,3rd,3.112454545
150,Saqib Khan,Software Engineer,3rd,3.098727273
151,Dawood Khan,Botony      ,3rd,3.085
152,Qasim Khan,Computer Networking,3rd,3.071272727
153,Umar Rahman,LAW and Sharia,3rd,3.057545455
154,SAIFULLAH,Computer Science,3rd,3.043818182
155,Kashif Khan,Computer Science,3rd,3.030090909
156,Khalid Khan,Software Engineer,3rd,3.016363636
157,Khalil Khan,Computer Engineer,3rd,3.002636364
158,talha javeed,Computer Engineer,3rd,2.988909091
159,Hilal Ahmad,Information Tech,3rd,2.975181818
160,Abdullah,zoology   ,3rd,2.961454545
161,Saqib Khan,Software Engineer,3rd,2.947727273
162,Dawood Khan,Botony      ,3rd,2.934
163,Qasim Khan,Computer Networking,3rd,2.920272727
164,SAIFULLAH,Computer Science,3rd,2.906545455
165,Kashif Khan,Computer Science,3rd,2.892818182
166,Khalid Khan,Software Engineer,3rd,2.879090909
167,Khalil Khan,Computer Engineer,3rd,2.865363636
168,talha javeed,Computer Engineer,3rd,2.851636364
169,Hilal Ahmad,Information Tech,3rd,2.837909091
170,Abdullah,zoology   ,3rd,2.824181818
171,Saqib Khan,Software Engineer,3rd,2.810454545
172,Dawood Khan,Botony      ,3rd,2.796727273
173,Qasim Khan,Computer Networking,3rd,2.783
174,Umar Rahman,LAW and Sharia,3rd,2.769272727
175,SAIFULLAH,Computer Science,3rd,2.755545455
176,Kashif Khan,Computer Science,3rd,2.741818182
177,Khalid Khan,Software Engineer,3rd,2.728090909
178,Khalil Khan,Computer Engineer,3rd,2.714363636
179,talha javeed,Computer Engineer,3rd,2.700636364
180,Hilal Ahmad,Information Tech,3rd,2.686909091
181,Abdullah,zoology   ,3rd,2.673181818
182,Saqib Khan,Software Engineer,3rd,2.659454545
183,Dawood Khan,Botony      ,3rd,2.645727273
184,Qasim Khan,Computer Networking,3rd,2.632
185,SAIFULLAH,Computer Science,3rd,2.618272727
186,Kashif Khan,Computer Science,3rd,2.604545455
187,Khalid Khan,Software Engineer,3rd,2.590818182
188,Khalil Khan,Computer Engineer,3rd,2.577090909
189,talha javeed,Computer Engineer,3rd,2.563363636
190,Hilal Ahmad,Information Tech,3rd,2.549636364
191,Abdullah,zoology   ,3rd,2.535909091
192,Saqib Khan,Software Engineer,3rd,2.522181818
193,Dawood Khan,Botony      ,3rd,2.508454545
194,Qasim Khan,Computer Networking,3rd,2.494727273
195,Umar Rahman,LAW and Sharia,3rd,2.481
196,SAIFULLAH,Computer Science,3rd,2.467272727
197,Kashif Khan,Computer Science,3rd,2.453545455
198,Khalid Khan,Software Engineer,3rd,2.439818182
199,Khalil Khan,Computer Engineer,3rd,2.426090909
200,talha javeed,Computer Engineer,3rd,2.412363636
201,SAIFULLAH,Computer Science,3rd,2.398636364
202,Kashif Khan,Computer Science,3rd,2.384909091
203,Khalid Khan,Software Engineer,3rd,2.371181818
204,Khalil Khan,Computer Engineer,3rd,2.357454545
205,talha javeed,Computer Engineer,3rd,2.343727273
206,Hilal Ahmad,Information Tech,3rd,2.33
207,Abdullah,zoology   ,3rd,2.316272727
208,Saqib Khan,Software Engineer,3rd,2.302545455
209,Dawood Khan,Botony      ,3rd,2.288818182
210,Qasim Khan,Computer Networking,3rd,2.275090909
211,Umar Rahman,LAW and Sharia,3rd,2.261363636
212,SAIFULLAH,Computer Science,3rd,2.247636364
213,Kashif Khan,Computer Science,3rd,2.233909091
214,Khalid Khan,Software Engineer,3rd,2.220181818
215,Khalil Khan,Computer Engineer,3rd,2.206454545
216,talha javeed,Computer Engineer,3rd,2.192727273
217,Hilal Ahmad,Information Tech,3rd,2.179
218,Abdullah,zoology   ,3rd,2.165272727
219,Saqib Khan,Software Engineer,3rd,2.151545455
220,Dawood Khan,Botony      ,3rd,2.137818182
221,Qasim Khan,Computer Networking,3rd,2.124090909
222,SAIFULLAH,Computer Science,3rd,2.110363636
223,Kashif Khan,Computer Science,3rd,2.096636364
224,Khalid Khan,Software Engineer,3rd,2.082909091
225,Khalil Khan,Computer Engineer,3rd,2.069181818
226,talha javeed,Computer Engineer,3rd,2.055454545
227,Hilal Ahmad,Information Tech,3rd,2.041727273
228,Abdullah,zoology   ,3rd,2.028
229,Saqib Khan,Software Engineer,3rd,2.014272727
230,Dawood Khan,Botony      ,3rd,2.000545455
231,Qasim Khan,Computer Networking,3rd,1.986818182
232,Umar Rahman,LAW and Sharia,3rd,1.973090909
233,SAIFULLAH,Computer Science,3rd,1.959363636
234,Kashif Khan,Computer Science,3rd,1.945636364
235,Khalid Khan,Software Engineer,3rd,1.931909091
236,Khalil Khan,Computer Engineer,3rd,1.918181818
237,talha javeed,Computer Engineer,3rd,1.904454545
238,Hilal Ahmad,Information Tech,3rd,1.890727273
239,Abdullah,zoology   ,3rd,1.877
240,Saqib Khan,Software Engineer,3rd,1.863272727
241,Dawood Khan,Botony      ,3rd,1.849545455
242,Qasim Khan,Computer Networking,3rd,1.835818182
243,SAIFULLAH,Computer Science,3rd,1.822090909
244,Kashif Khan,Computer Science,3rd,1.808363636
245,Khalid Khan,Software Engineer,3rd,1.794636364
246,Khalil Khan,Computer Engineer,3rd,1.780909091
247,talha javeed,Computer Engineer,3rd,1.767181818
248,Hilal Ahmad,Information Tech,3rd,1.753454545
249,Abdullah,zoology   ,3rd,1.739727273
250,Saqib Khan,Software Engineer,3rd,1.726
251,Dawood Khan,Botony      ,3rd,1.712272727
252,Qasim Khan,Computer Networking,3rd,1.698545455
253,Umar Rahman,LAW and Sharia,3rd,1.684818182
254,SAIFULLAH,Computer Science,3rd,1.671090909
255,Kashif Khan,Computer Science,3rd,1.657363636
256,Khalid Khan,Software Engineer,3rd,1.643636364
257,Khalil Khan,Computer Engineer,3rd,1.629909091
258,talha javeed,Computer Engineer,3rd,1.616181818
259,Hilal Ahmad,Information Tech,3rd,1.602454545
260,Abdullah,zoology   ,3rd,1.588727273
261,Saqib Khan,Software Engineer,3rd,1.575
262,Dawood Khan,Botony      ,3rd,1.561272727
263,Qasim Khan,Computer Networking,3rd,1.547545455
264,SAIFULLAH,Computer Science,3rd,1.533818182
265,Kashif Khan,Computer Science,3rd,1.520090909
266,Khalid Khan,Software Engineer,3rd,1.506363636
267,Khalil Khan,Computer Engineer,3rd,1.492636364
268,talha javeed,Computer Engineer,3rd,1.478909091
269,Hilal Ahmad,Information Tech,3rd,1.465181818
270,Abdullah,zoology   ,3rd,1.451454545
271,Saqib Khan,Software Engineer,3rd,1.437727273
272,Dawood Khan,Botony      ,3rd,1.424
273,Qasim Khan,Computer Networking,3rd,1.410272727
274,Umar Rahman,LAW and Sharia,3rd,1.396545455
275,SAIFULLAH,Computer Science,3rd,1.382818182
276,Kashif Khan,Computer Science,3rd,1.369090909
277,Khalid Khan,Software Engineer,3rd,1.355363636
278,Khalil Khan,Computer Engineer,3rd,1.341636364
279,talha javeed,Computer Engineer,3rd,1.327909091
280,Hilal Ahmad,Information Tech,3rd,1.314181818
281,Abdullah,zoology   ,3rd,1.300454545
282,Saqib Khan,Software Engineer,3rd,1.286727273
283,Dawood Khan,Botony      ,3rd,1.273
284,Qasim Khan,Computer Networking,3rd,1.259272727
285,SAIFULLAH,Computer Science,3rd,1.245545455
286,Kashif Khan,Computer Science,3rd,1.231818182
287,Khalid Khan,Software Engineer,3rd,1.218090909
288,Khalil Khan,Computer Engineer,3rd,1.204363636
289,talha javeed,Computer Engineer,3rd,1.190636364
290,Hilal Ahmad,Information Tech,3rd,1.176909091
291,Abdullah,zoology   ,3rd,1.163181818
292,Saqib Khan,Software Engineer,3rd,1.149454545
293,Dawood Khan,Botony      ,3rd,1.135727273
294,Qasim Khan,Computer Networking,3rd,1.122
295,Umar Rahman,LAW and Sharia,3rd,1.108272727
296,SAIFULLAH,Computer Science,3rd,1.094545455
297,Kashif Khan,Computer Science,3rd,1.080818182
298,Khalid Khan,Software Engineer,3rd,1.067090909
299,Khalil Khan,Computer Engineer,3rd,1.053363636
300,talha javeed,Computer Engineer,3rd,1.039636364
301,SAIFULLAH,Computer Science,3rd,1.025909091
302,Kashif Khan,Computer Science,3rd,1.012181818
303,Khalid Khan,Software Engineer,3rd,0.998454545
304,Khalil Khan,Computer Engineer,3rd,0.984727273
305,talha javeed,Computer Engineer,3rd,0.971
306,Hilal Ahmad,Information Tech,3rd,0.957272727
307,Abdullah,zoology   ,3rd,0.943545455
308,Saqib Khan,Software Engineer,3rd,0.929818182
309,Dawood Khan,Botony      ,3rd,0.916090909
310,Qasim Khan,Computer Networking,3rd,0.902363636
311,Umar Rahman,LAW and Sharia,3rd,0.888636364
312,SAIFULLAH,Computer Science,3rd,0.874909091
313,Kashif Khan,Computer Science,3rd,0.861181818
314,Khalid Khan,Software Engineer,3rd,0.847454545
315,Khalil Khan,Computer Engineer,3rd,0.833727273
316,talha javeed,Computer Engineer,3rd,0.82
317,Hilal Ahmad,Information Tech,3rd,0.806272727
318,Abdullah,zoology   ,3rd,0.792545455
319,Saqib Khan,Software Engineer,3rd,0.778818182
320,Dawood Khan,Botony      ,3rd,0.765090909
321,Qasim Khan,Computer Networking,3rd,0.751363636
322,SAIFULLAH,Computer Science,3rd,0.737636364
323,Kashif Khan,Computer Science,3rd,0.723909091
324,Khalid Khan,Software Engineer,3rd,0.710181818
325,Khalil Khan,Computer Engineer,3rd,0.696454545
326,talha javeed,Computer Engineer,3rd,0.682727273
327,Hilal Ahmad,Information Tech,3rd,0.669
328,Abdullah,zoology   ,3rd,0.655272727
329,Saqib Khan,Software Engineer,3rd,0.641545455
330,Dawood Khan,Botony      ,3rd,0.627818182
331,Qasim Khan,Computer Networking,3rd,0.614090909
332,Umar Rahman,LAW and Sharia,3rd,0.600363636
333,SAIFULLAH,Computer Science,3rd,0.586636364
334,Kashif Khan,Computer Science,3rd,0.572909091
335,Khalid Khan,Software Engineer,3rd,0.559181818
336,Khalil Khan,Computer Engineer,3rd,0.545454545
337,talha javeed,Computer Engineer,3rd,0.531727273
338,Hilal Ahmad,Information Tech,3rd,0.518
339,Abdullah,zoology   ,3rd,0.504272727
340,Saqib Khan,Software Engineer,3rd,0.490545455
341,Dawood Khan,Botony      ,3rd,0.476818182
342,Qasim Khan,Computer Networking,3rd,0.463090909
343,SAIFULLAH,Computer Science,3rd,0.449363636
344,Kashif Khan,Computer Science,3rd,0.435636364
345,Khalid Khan,Software Engineer,3rd,0.421909091
346,Khalil Khan,Computer Engineer,3rd,0.408181818
347,talha javeed,Computer Engineer,3rd,0.394454545
348,Hilal Ahmad,Information Tech,3rd,0.380727273
349,Abdullah,zoology   ,3rd,0.367
350,Saqib Khan,Software Engineer,3rd,0.353272727
351,Dawood Khan,Botony      ,3rd,0.339545455
352,Qasim Khan,Computer Networking,3rd,0.325818182
353,Umar Rahman,LAW and Sharia,3rd,0.312090909
354,SAIFULLAH,Computer Science,3rd,0.298363636
355,Kashif Khan,Computer Science,3rd,0.284636364
356,Khalid Khan,Software Engineer,3rd,0.270909091
357,Khalil Khan,Computer Engineer,3rd,0.257181818
358,talha javeed,Computer Engineer,3rd,0.243454545
359,Hilal Ahmad,Information Tech,3rd,0.229727273
360,Abdullah,zoology   ,3rd,0.216
361,Saqib Khan,Software Engineer,3rd,0.202272727
362,Dawood Khan,Botony      ,3rd,0.188545455
363,Qasim Khan,Computer Networking,3rd,0.174818182
364,SAIFULLAH,Computer Science,3rd,0.161090909
365,Kashif Khan,Computer Science,3rd,0.147363636
366,Khalid Khan,Software Engineer,3rd,0.133636364
367,Khalil Khan,Computer Engineer,3rd,0.119909091
368,talha javeed,Computer Engineer,3rd,0.106181818
369,Hilal Ahmad,Information Tech,3rd,0.092454545
370,Abdullah,zoology   ,3rd,0.078727273
371,Saqib Khan,Software Engineer,3rd,0.065
372,Dawood Khan,Botony      ,3rd,0.051272727
373,Qasim Khan,Computer Networking,3rd,0.037545455
374,Umar Rahman,LAW and Sharia,3rd,0.023818182
375,SAIFULLAH,Computer Science,3rd,0.010090909
376,Kashif Khan,Computer Science,3rd,-0.003636364
377,Khalid Khan,Software Engineer,3rd,-0.017363636
378,Khalil Khan,Computer Engineer,3rd,-0.031090909
379,talha javeed,Computer Engineer,3rd,-0.044818182
380,Hilal Ahmad,Information Tech,3rd,-0.058545455
381,Abdullah,zoology   ,3rd,-0.072272727
382,Saqib Khan,Software Engineer,3rd,-0.086
383,Dawood Khan,Botony      ,3rd,-0.099727273
384,Qasim Khan,Computer Networking,3rd,-0.113454545
385,SAIFULLAH,Computer Science,3rd,-0.127181818
386,Kashif Khan,Computer Science,3rd,-0.140909091
387,Khalid Khan,Software Engineer,3rd,-0.154636364
388,Khalil Khan,Computer Engineer,3rd,-0.168363636
389,talha javeed,Computer Engineer,3rd,-0.182090909
390,Hilal Ahmad,Information Tech,3rd,-0.195818182
391,Abdullah,zoology   ,3rd,-0.209545455
392,Saqib Khan,Software Engineer,3rd,-0.223272727
393,Dawood Khan,Botony      ,3rd,-0.237
394,Qasim Khan,Computer Networking,3rd,-0.250727273
395,Umar Rahman,LAW and Sharia,3rd,-0.264454545
396,SAIFULLAH,Computer Science,3rd,-0.278181818
397,Kashif Khan,Computer Science,3rd,-0.291909091
398,Khalid Khan,Software Engineer,3rd,-0.305636364
399,Khalil Khan,Computer Engineer,3rd,-0.319363636
400,talha javeed,Computer Engineer,3rd,-0.333090909
401,SAIFULLAH,Computer Science,3rd,-0.346818182
402,Kashif Khan,Computer Science,3rd,-0.360545455
403,Khalid Khan,Software Engineer,3rd,-0.374272727
404,Khalil Khan,Computer Engineer,3rd,-0.388
405,talha javeed,Computer Engineer,3rd,-0.401727273
406,Hilal Ahmad,Information Tech,3rd,-0.415454545
407,Abdullah,zoology   ,3rd,-0.429181818
408,Saqib Khan,Software Engineer,3rd,-0.442909091
409,Dawood Khan,Botony      ,3rd,-0.456636364
410,Qasim Khan,Computer Networking,3rd,-0.470363636
411,Umar Rahman,LAW and Sharia,3rd,-0.484090909
412,SAIFULLAH,Computer Science,3rd,-0.497818182
413,Kashif Khan,Computer Science,3rd,-0.511545455
414,Khalid Khan,Software Engineer,3rd,-0.525272727
415,Khalil Khan,Computer Engineer,3rd,-0.539
416,talha javeed,Computer Engineer,3rd,-0.552727273
417,Hilal Ahmad,Information Tech,3rd,-0.566454545
418,Abdullah,zoology   ,3rd,-0.580181818
419,Saqib Khan,Software Engineer,3rd,-0.593909091
420,Dawood Khan,Botony      ,3rd,-0.607636364
421,Qasim Khan,Computer Networking,3rd,-0.621363636
422,SAIFULLAH,Computer Science,3rd,-0.635090909
423,Kashif Khan,Computer Science,3rd,-0.648818182
424,Khalid Khan,Software Engineer,3rd,-0.662545455
425,Khalil Khan,Computer Engineer,3rd,-0.676272727
426,talha javeed,Computer Engineer,3rd,-0.69
427,Hilal Ahmad,Information Tech,3rd,-0.703727273
428,Abdullah,zoology   ,3rd,-0.717454545
429,Saqib Khan,Software Engineer,3rd,-0.731181818
430,Dawood Khan,Botony      ,3rd,-0.744909091
431,Qasim Khan,Computer Networking,3rd,-0.758636364
432,Umar Rahman,LAW and Sharia,3rd,-0.772363636
433,SAIFULLAH,Computer Science,3rd,-0.786090909
434,Kashif Khan,Computer Science,3rd,-0.799818182
435,Khalid Khan,Software Engineer,3rd,-0.813545455
436,Khalil Khan,Computer Engineer,3rd,-0.827272727
437,talha javeed,Computer Engineer,3rd,-0.841
438,Hilal Ahmad,Information Tech,3rd,-0.854727273
439,Abdullah,zoology   ,3rd,-0.868454545
440,Saqib Khan,Software Engineer,3rd,-0.882181818
441,Dawood Khan,Botony      ,3rd,-0.895909091
442,Qasim Khan,Computer Networking,3rd,-0.909636364
443,SAIFULLAH,Computer Science,3rd,-0.923363636
444,Kashif Khan,Computer Science,3rd,-0.937090909
445,Khalid Khan,Software Engineer,3rd,-0.950818182
446,Khalil Khan,Computer Engineer,3rd,-0.964545455
447,talha javeed,Computer Engineer,3rd,-0.978272727
448,Hilal Ahmad,Information Tech,3rd,-0.992
449,Abdullah,zoology   ,3rd,-1.005727273
450,Saqib Khan,Software Engineer,3rd,-1.019454545
451,Dawood Khan,Botony      ,3rd,-1.033181818
452,Qasim Khan,Computer Networking,3rd,-1.046909091
453,Umar Rahman,LAW and Sharia,3rd,-1.060636364
454,SAIFULLAH,Computer Science,3rd,-1.074363636
455,Kashif Khan,Computer Science,3rd,-1.088090909
456,Khalid Khan,Software Engineer,3rd,-1.101818182
457,Khalil Khan,Computer Engineer,3rd,-1.115545455
458,talha javeed,Computer Engineer,3rd,-1.129272727
459,Hilal Ahmad,Information Tech,3rd,-1.143
460,Abdullah,zoology   ,3rd,-1.156727273
461,Saqib Khan,Software Engineer,3rd,-1.170454545
462,Dawood Khan,Botony      ,3rd,-1.184181818
463,Qasim Khan,Computer Networking,3rd,-1.197909091
464,SAIFULLAH,Computer Science,3rd,-1.211636364
465,Kashif Khan,Computer Science,3rd,-1.225363636
466,Khalid Khan,Software Engineer,3rd,-1.239090909
467,Khalil Khan,Computer Engineer,3rd,-1.252818182
468,talha javeed,Computer Engineer,3rd,-1.266545455
469,Hilal Ahmad,Information Tech,3rd,-1.280272727
470,Abdullah,zoology   ,3rd,-1.294
471,Saqib Khan,Software Engineer,3rd,-1.307727273
472,Dawood Khan,Botony      ,3rd,-1.321454545
473,Qasim Khan,Computer Networking,3rd,-1.335181818
474,Umar Rahman,LAW and Sharia,3rd,-1.348909091
475,SAIFULLAH,Computer Science,3rd,-1.362636364
476,Kashif Khan,Computer Science,3rd,-1.376363636
477,Khalid Khan,Software Engineer,3rd,-1.390090909
478,Khalil Khan,Computer Engineer,3rd,-1.403818182
479,talha javeed,Computer Engineer,3rd,-1.417545455
480,Hilal Ahmad,Information Tech,3rd,-1.431272727
481,Abdullah,zoology   ,3rd,-1.445
482,Saqib Khan,Software Engineer,3rd,-1.458727273
483,Dawood Khan,Botony      ,3rd,-1.472454545
484,Qasim Khan,Computer Networking,3rd,-1.486181818
485,SAIFULLAH,Computer Science,3rd,-1.499909091
486,Kashif Khan,Computer Science,3rd,-1.513636364
487,Khalid Khan,Software Engineer,3rd,-1.527363636
488,Khalil Khan,Computer Engineer,3rd,-1.541090909
489,talha javeed,Computer Engineer,3rd,-1.554818182
490,Hilal Ahmad,Information Tech,3rd,-1.568545455
491,Abdullah,zoology   ,3rd,-1.582272727
492,Saqib Khan,Software Engineer,3rd,-1.596
493,Dawood Khan,Botony      ,3rd,-1.609727273
494,Qasim Khan,Computer Networking,3rd,-1.623454545
495,Umar Rahman,LAW and Sharia,3rd,-1.637181818
496,SAIFULLAH,Computer Science,3rd,-1.650909091
497,Kashif Khan,Computer Science,3rd,-1.664636364
498,Khalid Khan,Software Engineer,3rd,-1.678363636
499,Khalil Khan,Computer Engineer,3rd,-1.692090909
500,talha javeed,Computer Engineer,3rd,-1.705818182
501,SAIFULLAH,Computer Science,3rd,-1.719545455
502,Kashif Khan,Computer Science,3rd,-1.733272727
503,Khalid Khan,Software Engineer,3rd,-1.747
504,Khalil Khan,Computer Engineer,3rd,-1.760727273
505,talha javeed,Computer Engineer,3rd,-1.774454545
506,Hilal Ahmad,Information Tech,3rd,-1.788181818
507,Abdullah,zoology   ,3rd,-1.801909091
508,Saqib Khan,Software Engineer,3rd,-1.815636364
509,Dawood Khan,Botony      ,3rd,-1.829363636
510,Qasim Khan,Computer Networking,3rd,-1.843090909
511,Umar Rahman,LAW and Sharia,3rd,-1.856818182
512,SAIFULLAH,Computer Science,3rd,-1.870545455
513,Kashif Khan,Computer Science,3rd,-1.884272727
514,Khalid Khan,Software Engineer,3rd,-1.898
515,Khalil Khan,Computer Engineer,3rd,-1.911727273
516,talha javeed,Computer Engineer,3rd,-1.925454545
517,Hilal Ahmad,Information Tech,3rd,-1.939181818
518,Abdullah,zoology   ,3rd,-1.952909091
519,Saqib Khan,Software Engineer,3rd,-1.966636364
520,Dawood Khan,Botony      ,3rd,-1.980363636
521,Qasim Khan,Computer Networking,3rd,-1.994090909
522,SAIFULLAH,Computer Science,3rd,-2.007818182
523,Kashif Khan,Computer Science,3rd,-2.021545455
524,Khalid Khan,Software Engineer,3rd,-2.035272727
525,Khalil Khan,Computer Engineer,3rd,-2.049
526,talha javeed,Computer Engineer,3rd,-2.062727273
527,Hilal Ahmad,Information Tech,3rd,-2.076454545
528,Abdullah,zoology   ,3rd,-2.090181818
529,Saqib Khan,Software Engineer,3rd,-2.103909091
530,Dawood Khan,Botony      ,3rd,-2.117636364
531,Qasim Khan,Computer Networking,3rd,-2.131363636
532,Umar Rahman,LAW and Sharia,3rd,-2.145090909
533,SAIFULLAH,Computer Science,3rd,-2.158818182
534,Kashif Khan,Computer Science,3rd,-2.172545455
535,Khalid Khan,Software Engineer,3rd,-2.186272727
536,Khalil Khan,Computer Engineer,3rd,-2.2
537,talha javeed,Computer Engineer,3rd,-2.213727273
538,Hilal Ahmad,Information Tech,3rd,-2.227454545
539,Abdullah,zoology   ,3rd,-2.241181818
540,Saqib Khan,Software Engineer,3rd,-2.254909091
541,Dawood Khan,Botony      ,3rd,-2.268636364
542,Qasim Khan,Computer Networking,3rd,-2.282363636
543,SAIFULLAH,Computer Science,3rd,-2.296090909
544,Kashif Khan,Computer Science,3rd,-2.309818182
545,Khalid Khan,Software Engineer,3rd,-2.323545455
546,Khalil Khan,Computer Engineer,3rd,-2.337272727
547,talha javeed,Computer Engineer,3rd,-2.351
548,Hilal Ahmad,Information Tech,3rd,-2.364727273
549,Abdullah,zoology   ,3rd,-2.378454545
550,Saqib Khan,Software Engineer,3rd,-2.392181818
551,Dawood Khan,Botony      ,3rd,-2.405909091
552,Qasim Khan,Computer Networking,3rd,-2.419636364
553,Umar Rahman,LAW and Sharia,3rd,-2.433363636
554,SAIFULLAH,Computer Science,3rd,-2.447090909
555,Kashif Khan,Computer Science,3rd,-2.460818182
556,Khalid Khan,Software Engineer,3rd,-2.474545455
557,Khalil Khan,Computer Engineer,3rd,-2.488272727
558,talha javeed,Computer Engineer,3rd,-2.502
559,Hilal Ahmad,Information Tech,3rd,-2.515727273
560,Abdullah,zoology   ,3rd,-2.529454545
561,Saqib Khan,Software Engineer,3rd,-2.543181818
562,Dawood Khan,Botony      ,3rd,-2.556909091
563,Qasim Khan,Computer Networking,3rd,-2.570636364
564,SAIFULLAH,Computer Science,3rd,-2.584363636
565,Kashif Khan,Computer Science,3rd,-2.598090909
566,Khalid Khan,Software Engineer,3rd,-2.611818182
567,Khalil Khan,Computer Engineer,3rd,-2.625545455
568,talha javeed,Computer Engineer,3rd,-2.639272727
569,Hilal Ahmad,Information Tech,3rd,-2.653
570,Abdullah,zoology   ,3rd,-2.666727273
571,Saqib Khan,Software Engineer,3rd,-2.680454545
572,Dawood Khan,Botony      ,3rd,-2.694181818
573,Qasim Khan,Computer Networking,3rd,-2.707909091
574,Umar Rahman,LAW and Sharia,3rd,-2.721636364
575,SAIFULLAH,Computer Science,3rd,-2.735363636
576,Kashif Khan,Computer Science,3rd,-2.749090909
577,Khalid Khan,Software Engineer,3rd,-2.762818182
578,Khalil Khan,Computer Engineer,3rd,-2.776545455
579,talha javeed,Computer Engineer,3rd,-2.790272727
580,Hilal Ahmad,Information Tech,3rd,-2.804
581,Abdullah,zoology   ,3rd,-2.817727273
582,Saqib Khan,Software Engineer,3rd,-2.831454545
583,Dawood Khan,Botony      ,3rd,-2.845181818
584,Qasim Khan,Computer Networking,3rd,-2.858909091
585,SAIFULLAH,Computer Science,3rd,-2.872636364
586,Kashif Khan,Computer Science,3rd,-2.886363636
587,Khalid Khan,Software Engineer,3rd,-2.900090909
588,Khalil Khan,Computer Engineer,3rd,-2.913818182
589,talha javeed,Computer Engineer,3rd,-2.927545455
590,Hilal Ahmad,Information Tech,3rd,-2.941272727
591,Abdullah,zoology   ,3rd,-2.955
592,Saqib Khan,Software Engineer,3rd,-2.968727273
593,Dawood Khan,Botony      ,3rd,-2.982454545
594,Qasim Khan,Computer Networking,3rd,-2.996181818
595,Umar Rahman,LAW and Sharia,3rd,-3.009909091
596,SAIFULLAH,Computer Science,3rd,-3.023636364
597,Kashif Khan,Computer Science,3rd,-3.037363636
598,Khalid Khan,Software Engineer,3rd,-3.051090909
599,Khalil Khan,Computer Engineer,3rd,-3.064818182
600,talha javeed,Computer Engineer,3rd,-3.078545455
601,SAIFULLAH,Computer Science,3rd,-3.092272727
602,Kashif Khan,Computer Science,3rd,-3.106
603,Khalid Khan,Software Engineer,3rd,-3.119727273
604,Khalil Khan,Computer Engineer,3rd,-3.133454545
605,talha javeed,Computer Engineer,3rd,-3.147181818
606,Hilal Ahmad,Information Tech,3rd,-3.160909091
607,Abdullah,zoology   ,3rd,-3.174636364
608,Saqib Khan,Software Engineer,3rd,-3.188363636
609,Dawood Khan,Botony      ,3rd,-3.202090909
610,Qasim Khan,Computer Networking,3rd,-3.215818182
611,Umar Rahman,LAW and Sharia,3rd,-3.229545455
612,SAIFULLAH,Computer Science,3rd,-3.243272727
613,Kashif Khan,Computer Science,3rd,-3.257
614,Khalid Khan,Software Engineer,3rd,-3.270727273
615,Khalil Khan,Computer Engineer,3rd,-3.284454545
616,talha javeed,Computer Engineer,3rd,-3.298181818
617,Hilal Ahmad,Information Tech,3rd,-3.311909091
618,Abdullah,zoology   ,3rd,-3.325636364
619,Saqib Khan,Software Engineer,3rd,-3.339363636
620,Dawood Khan,Botony      ,3rd,-3.353090909
621,Qasim Khan,Computer Networking,3rd,-3.366818182
622,SAIFULLAH,Computer Science,3rd,-3.380545455
623,Kashif Khan,Computer Science,3rd,-3.394272727
624,Khalid Khan,Software Engineer,3rd,-3.408
625,Khalil Khan,Computer Engineer,3rd,-3.421727273
626,talha javeed,Computer Engineer,3rd,-3.435454545
627,Hilal Ahmad,Information Tech,3rd,-3.449181818
628,Abdullah,zoology   ,3rd,-3.462909091
629,Saqib Khan,Software Engineer,3rd,-3.476636364
630,Dawood Khan,Botony      ,3rd,-3.490363636
631,Qasim Khan,Computer Networking,3rd,-3.504090909
632,Umar Rahman,LAW and Sharia,3rd,-3.517818182
633,SAIFULLAH,Computer Science,3rd,-3.531545455
634,Kashif Khan,Computer Science,3rd,-3.545272727
635,Khalid Khan,Software Engineer,3rd,-3.559
636,Khalil Khan,Computer Engineer,3rd,-3.572727273
637,talha javeed,Computer Engineer,3rd,-3.586454545
638,Hilal Ahmad,Information Tech,3rd,-3.600181818
639,Abdullah,zoology   ,3rd,-3.613909091
640,Saqib Khan,Software Engineer,3rd,-3.627636364
641,Dawood Khan,Botony      ,3rd,-3.641363636
642,Qasim Khan,Computer Networking,3rd,-3.655090909
643,SAIFULLAH,Computer Science,3rd,-3.668818182
644,Kashif Khan,Computer Science,3rd,-3.682545455
645,Khalid Khan,Software Engineer,3rd,-3.696272727
646,Khalil Khan,Computer Engineer,3rd,-3.71
647,talha javeed,Computer Engineer,3rd,-3.723727273
648,Hilal Ahmad,Information Tech,3rd,-3.737454545
649,Abdullah,zoology   ,3rd,-3.751181818
650,Saqib Khan,Software Engineer,3rd,-3.764909091
651,Dawood Khan,Botony      ,3rd,-3.778636364
652,Qasim Khan,Computer Networking,3rd,-3.792363636
653,Umar Rahman,LAW and Sharia,3rd,-3.806090909
654,SAIFULLAH,Computer Science,3rd,-3.819818182
655,Kashif Khan,Computer Science,3rd,-3.833545455
656,Khalid Khan,Software Engineer,3rd,-3.847272727
657,Khalil Khan,Computer Engineer,3rd,-3.861
658,talha javeed,Computer Engineer,3rd,-3.874727273
659,Hilal Ahmad,Information Tech,3rd,-3.888454545
660,Abdullah,zoology   ,3rd,-3.902181818
661,Saqib Khan,Software Engineer,3rd,-3.915909091
662,Dawood Khan,Botony      ,3rd,-3.929636364
663,Qasim Khan,Computer Networking,3rd,-3.943363636
664,SAIFULLAH,Computer Science,3rd,-3.957090909
665,Kashif Khan,Computer Science,3rd,-3.970818182
666,Khalid Khan,Software Engineer,3rd,-3.984545455
667,Khalil Khan,Computer Engineer,3rd,-3.998272727
668,talha javeed,Computer Engineer,3rd,-4.012
669,Hilal Ahmad,Information Tech,3rd,-4.025727273
670,Abdullah,zoology   ,3rd,-4.039454545
671,Saqib Khan,Software Engineer,3rd,-4.053181818
672,Dawood Khan,Botony      ,3rd,-4.066909091
673,Qasim Khan,Computer Networking,3rd,-4.080636364
674,Umar Rahman,LAW and Sharia,3rd,-4.094363636
675,SAIFULLAH,Computer Science,3rd,-4.108090909
676,Kashif Khan,Computer Science,3rd,-4.121818182
677,Khalid Khan,Software Engineer,3rd,-4.135545455
678,Khalil Khan,Computer Engineer,3rd,-4.149272727
679,talha javeed,Computer Engineer,3rd,-4.163
680,Hilal Ahmad,Information Tech,3rd,-4.176727273
681,Abdullah,zoology   ,3rd,-4.190454545
682,Saqib Khan,Software Engineer,3rd,-4.204181818
683,Dawood Khan,Botony      ,3rd,-4.217909091
684,Qasim Khan,Computer Networking,3rd,-4.231636364
685,SAIFULLAH,Computer Science,3rd,-4.245363636
686,Kashif Khan,Computer Science,3rd,-4.259090909
687,Khalid Khan,Software Engineer,3rd,-4.272818182
688,Khalil Khan,Computer Engineer,3rd,-4.286545455
689,talha javeed,Computer Engineer,3rd,-4.300272727
690,Hilal Ahmad,Information Tech,3rd,-4.314
691,Abdullah,zoology   ,3rd,-4.327727273
692,Saqib Khan,Software Engineer,3rd,-4.341454545
693,Dawood Khan,Botony      ,3rd,-4.355181818
694,Qasim Khan,Computer Networking,3rd,-4.368909091
695,Umar Rahman,LAW and Sharia,3rd,-4.382636364
696,SAIFULLAH,Computer Science,3rd,-4.396363636
697,Kashif Khan,Computer Science,3rd,-4.410090909
698,Khalid Khan,Software Engineer,3rd,-4.423818182
699,Khalil Khan,Computer Engineer,3rd,-4.437545455
700,talha javeed,Computer Engineer,3rd,-4.451272727
701,SAIFULLAH,Computer Science,3rd,-4.465
702,Kashif Khan,Computer Science,3rd,-4.478727273
703,Khalid Khan,Software Engineer,3rd,-4.492454545
704,Khalil Khan,Computer Engineer,3rd,-4.506181818
705,talha javeed,Computer Engineer,3rd,-4.519909091
706,Hilal Ahmad,Information Tech,3rd,-4.533636364
707,Abdullah,zoology   ,3rd,-4.547363636
708,Saqib Khan,Software Engineer,3rd,-4.561090909
709,Dawood Khan,Botony      ,3rd,-4.574818182
710,Qasim Khan,Computer Networking,3rd,-4.588545455
711,Umar Rahman,LAW and Sharia,3rd,-4.602272727
712,SAIFULLAH,Computer Science,3rd,-4.616
713,Kashif Khan,Computer Science,3rd,-4.629727273
714,Khalid Khan,Software Engineer,3rd,-4.643454545
715,Khalil Khan,Computer Engineer,3rd,-4.657181818
716,talha javeed,Computer Engineer,3rd,-4.670909091
717,Hilal Ahmad,Information Tech,3rd,-4.684636364
718,Abdullah,zoology   ,3rd,-4.698363636
719,Saqib Khan,Software Engineer,3rd,-4.712090909
720,Dawood Khan,Botony      ,3rd,-4.725818182
721,Qasim Khan,Computer Networking,3rd,-4.739545455
722,SAIFULLAH,Computer Science,3rd,-4.753272727
723,Kashif Khan,Computer Science,3rd,-4.767
724,Khalid Khan,Software Engineer,3rd,-4.780727273
725,Khalil Khan,Computer Engineer,3rd,-4.794454545
726,talha javeed,Computer Engineer,3rd,-4.808181818
727,Hilal Ahmad,Information Tech,3rd,-4.821909091
728,Abdullah,zoology   ,3rd,-4.835636364
729,Saqib Khan,Software Engineer,3rd,-4.849363636
730,Dawood Khan,Botony      ,3rd,-4.863090909
731,Qasim Khan,Computer Networking,3rd,-4.876818182
732,Umar Rahman,LAW and Sharia,3rd,-4.890545455
733,SAIFULLAH,Computer Science,3rd,-4.904272727
734,Kashif Khan,Computer Science,3rd,-4.918
735,Khalid Khan,Software Engineer,3rd,-4.931727273
736,Khalil Khan,Computer Engineer,3rd,-4.945454545
737,talha javeed,Computer Engineer,3rd,-4.959181818
738,Hilal Ahmad,Information Tech,3rd,-4.972909091
739,Abdullah,zoology   ,3rd,-4.986636364
740,Saqib Khan,Software Engineer,3rd,-5.000363636
741,Dawood Khan,Botony      ,3rd,-5.014090909
742,Qasim Khan,Computer Networking,3rd,-5.027818182
743,SAIFULLAH,Computer Science,3rd,-5.041545455
744,Kashif Khan,Computer Science,3rd,-5.055272727
745,Khalid Khan,Software Engineer,3rd,-5.069
746,Khalil Khan,Computer Engineer,3rd,-5.082727273
747,talha javeed,Computer Engineer,3rd,-5.096454545
748,Hilal Ahmad,Information Tech,3rd,-5.110181818
749,Abdullah,zoology   ,3rd,-5.123909091
750,Saqib Khan,Software Engineer,3rd,-5.137636364
751,Dawood Khan,Botony      ,3rd,-5.151363636
752,Qasim Khan,Computer Networking,3rd,-5.165090909
753,Umar Rahman,LAW and Sharia,3rd,-5.178818182
754,SAIFULLAH,Computer Science,3rd,-5.192545455
755,Kashif Khan,Computer Science,3rd,-5.206272727
756,Khalid Khan,Software Engineer,3rd,-5.22
757,Khalil Khan,Computer Engineer,3rd,-5.233727273
758,talha javeed,Computer Engineer,3rd,-5.247454545
759,Hilal Ahmad,Information Tech,3rd,-5.261181818
760,Abdullah,zoology   ,3rd,-5.274909091
761,Saqib Khan,Software Engineer,3rd,-5.288636364
762,Dawood Khan,Botony      ,3rd,-5.302363636
763,Qasim Khan,Computer Networking,3rd,-5.316090909
764,SAIFULLAH,Computer Science,3rd,-5.329818182
765,Kashif Khan,Computer Science,3rd,-5.343545455
766,Khalid Khan,Software Engineer,3rd,-5.357272727
767,Khalil Khan,Computer Engineer,3rd,-5.371
768,talha javeed,Computer Engineer,3rd,-5.384727273
769,Hilal Ahmad,Information Tech,3rd,-5.398454545
770,Abdullah,zoology   ,3rd,-5.412181818
771,Saqib Khan,Software Engineer,3rd,-5.425909091
772,Dawood Khan,Botony      ,3rd,-5.439636364
773,Qasim Khan,Computer Networking,3rd,-5.453363636
774,Umar Rahman,LAW and Sharia,3rd,-5.467090909
775,SAIFULLAH,Computer Science,3rd,-5.480818182
776,Kashif Khan,Computer Science,3rd,-5.494545455
777,Khalid Khan,Software Engineer,3rd,-5.508272727
778,Khalil Khan,Computer Engineer,3rd,-5.522
779,talha javeed,Computer Engineer,3rd,-5.535727273
780,Hilal Ahmad,Information Tech,3rd,-5.549454545
781,Abdullah,zoology   ,3rd,-5.563181818
782,Saqib Khan,Software Engineer,3rd,-5.576909091
783,Dawood Khan,Botony      ,3rd,-5.590636364
784,Qasim Khan,Computer Networking,3rd,-5.604363636
785,SAIFULLAH,Computer Science,3rd,-5.618090909
786,Kashif Khan,Computer Science,3rd,-5.631818182
787,Khalid Khan,Software Engineer,3rd,-5.645545455
788,Khalil Khan,Computer Engineer,3rd,-5.659272727
789,talha javeed,Computer Engineer,3rd,-5.673
790,Hilal Ahmad,Information Tech,3rd,-5.686727273
791,Abdullah,zoology   ,3rd,-5.700454545
792,Saqib Khan,Software Engineer,3rd,-5.714181818
793,Dawood Khan,Botony      ,3rd,-5.727909091
794,Qasim Khan,Computer Networking,3rd,-5.741636364
795,Umar Rahman,LAW and Sharia,3rd,-5.755363636
796,SAIFULLAH,Computer Science,3rd,-5.769090909
797,Kashif Khan,Computer Science,3rd,-5.782818182
798,Khalid Khan,Software Engineer,3rd,-5.796545455
799,Khalil Khan,Computer Engineer,3rd,-5.810272727
800,talha javeed,Computer Engineer,3rd,-5.824
801,SAIFULLAH,Computer Science,3rd,-5.837727273
802,Kashif Khan,Computer Science,3rd,-5.851454545
803,Khalid Khan,Software Engineer,3rd,-5.865181818
804,Khalil Khan,Computer Engineer,3rd,-5.878909091
805,talha javeed,Computer Engineer,3rd,-5.892636364
806,Hilal Ahmad,Information Tech,3rd,-5.906363636
807,Abdullah,zoology   ,3rd,-5.920090909
808,Saqib Khan,Software Engineer,3rd,-5.933818182
809,Dawood Khan,Botony      ,3rd,-5.947545455
810,Qasim Khan,Computer Networking,3rd,-5.961272727
811,Umar Rahman,LAW and Sharia,3rd,-5.975
812,SAIFULLAH,Computer Science,3rd,-5.988727273
813,Kashif Khan,Computer Science,3rd,-6.002454545
814,Khalid Khan,Software Engineer,3rd,-6.016181818
815,Khalil Khan,Computer Engineer,3rd,-6.029909091
816,talha javeed,Computer Engineer,3rd,-6.043636364
817,Hilal Ahmad,Information Tech,3rd,-6.057363636
818,Abdullah,zoology   ,3rd,-6.071090909
819,Saqib Khan,Software Engineer,3rd,-6.084818182
820,Dawood Khan,Botony      ,3rd,-6.098545455
821,Qasim Khan,Computer Networking,3rd,-6.112272727
822,SAIFULLAH,Computer Science,3rd,-6.126
823,Kashif Khan,Computer Science,3rd,-6.139727273
824,Khalid Khan,Software Engineer,3rd,-6.153454545
825,Khalil Khan,Computer Engineer,3rd,-6.167181818
826,talha javeed,Computer Engineer,3rd,-6.180909091
827,Hilal Ahmad,Information Tech,3rd,-6.194636364
828,Abdullah,zoology   ,3rd,-6.208363636
829,Saqib Khan,Software Engineer,3rd,-6.222090909
830,Dawood Khan,Botony      ,3rd,-6.235818182
831,Qasim Khan,Computer Networking,3rd,-6.249545455
832,Umar Rahman,LAW and Sharia,3rd,-6.263272727
833,SAIFULLAH,Computer Science,3rd,-6.277
834,Kashif Khan,Computer Science,3rd,-6.290727273
835,Khalid Khan,Software Engineer,3rd,-6.304454545
836,Khalil Khan,Computer Engineer,3rd,-6.318181818
837,talha javeed,Computer Engineer,3rd,-6.331909091
838,Hilal Ahmad,Information Tech,3rd,-6.345636364
839,Abdullah,zoology   ,3rd,-6.359363636
840,Saqib Khan,Software Engineer,3rd,-6.373090909
841,Dawood Khan,Botony      ,3rd,-6.386818182
842,Qasim Khan,Computer Networking,3rd,-6.400545455
843,SAIFULLAH,Computer Science,3rd,-6.414272727
844,Kashif Khan,Computer Science,3rd,-6.428
845,Khalid Khan,Software Engineer,3rd,-6.441727273
846,Khalil Khan,Computer Engineer,3rd,-6.455454545
847,talha javeed,Computer Engineer,3rd,-6.469181818
848,Hilal Ahmad,Information Tech,3rd,-6.482909091
849,Abdullah,zoology   ,3rd,-6.496636364
850,Saqib Khan,Software Engineer,3rd,-6.510363636
851,Dawood Khan,Botony      ,3rd,-6.524090909
852,Qasim Khan,Computer Networking,3rd,-6.537818182
853,Umar Rahman,LAW and Sharia,3rd,-6.551545455
854,SAIFULLAH,Computer Science,3rd,-6.565272727
855,Kashif Khan,Computer Science,3rd,-6.579
856,Khalid Khan,Software Engineer,3rd,-6.592727273
857,Khalil Khan,Computer Engineer,3rd,-6.606454545
858,talha javeed,Computer Engineer,3rd,-6.620181818
859,Hilal Ahmad,Information Tech,3rd,-6.633909091
860,Abdullah,zoology   ,3rd,-6.647636364
861,Saqib Khan,Software Engineer,3rd,-6.661363636
862,Dawood Khan,Botony      ,3rd,-6.675090909
863,Qasim Khan,Computer Networking,3rd,-6.688818182
864,SAIFULLAH,Computer Science,3rd,-6.702545455
865,Kashif Khan,Computer Science,3rd,-6.716272727
866,Khalid Khan,Software Engineer,3rd,-6.73
867,Khalil Khan,Computer Engineer,3rd,-6.743727273
868,talha javeed,Computer Engineer,3rd,-6.757454545
869,Hilal Ahmad,Information Tech,3rd,-6.771181818
870,Abdullah,zoology   ,3rd,-6.784909091
871,Saqib Khan,Software Engineer,3rd,-6.798636364
872,Dawood Khan,Botony      ,3rd,-6.812363636
873,Qasim Khan,Computer Networking,3rd,-6.826090909
874,Umar Rahman,LAW and Sharia,3rd,-6.839818182
875,SAIFULLAH,Computer Science,3rd,-6.853545455
876,Kashif Khan,Computer Science,3rd,-6.867272727
877,Khalid Khan,Software Engineer,3rd,-6.881
878,Khalil Khan,Computer Engineer,3rd,-6.894727273
879,talha javeed,Computer Engineer,3rd,-6.908454545
880,Hilal Ahmad,Information Tech,3rd,-6.922181818
881,Abdullah,zoology   ,3rd,-6.935909091
882,Saqib Khan,Software Engineer,3rd,-6.949636364
883,Dawood Khan,Botony      ,3rd,-6.963363636
884,Qasim Khan,Computer Networking,3rd,-6.977090909
885,SAIFULLAH,Computer Science,3rd,-6.990818182
886,Kashif Khan,Computer Science,3rd,-7.004545455
887,Khalid Khan,Software Engineer,3rd,-7.018272727
888,Khalil Khan,Computer Engineer,3rd,-7.032
889,talha javeed,Computer Engineer,3rd,-7.045727273
890,Hilal Ahmad,Information Tech,3rd,-7.059454545
891,Abdullah,zoology   ,3rd,-7.073181818
892,Saqib Khan,Software Engineer,3rd,-7.086909091
893,Dawood Khan,Botony      ,3rd,-7.100636364
894,Qasim Khan,Computer Networking,3rd,-7.114363636
895,Umar Rahman,LAW and Sharia,3rd,-7.128090909
896,SAIFULLAH,Computer Science,3rd,-7.141818182
897,Kashif Khan,Computer Science,3rd,-7.155545455
898,Khalid Khan,Software Engineer,3rd,-7.169272727
899,Khalil Khan,Computer Engineer,3rd,-7.183
900,talha javeed,Computer Engineer,3rd,-7.196727273
901,SAIFULLAH,Computer Science,3rd,-7.210454545
902,Kashif Khan,Computer Science,3rd,-7.224181818
903,Khalid Khan,Software Engineer,3rd,-7.237909091
904,Khalil Khan,Computer Engineer,3rd,-7.251636364
905,talha javeed,Computer Engineer,3rd,-7.265363636
906,Hilal Ahmad,Information Tech,3rd,-7.279090909
907,Abdullah,zoology   ,3rd,-7.292818182
908,Saqib Khan,Software Engineer,3rd,-7.306545455
909,Dawood Khan,Botony      ,3rd,-7.320272727
910,Qasim Khan,Computer Networking,3rd,-7.334
911,Umar Rahman,LAW and Sharia,3rd,-7.347727273
912,SAIFULLAH,Computer Science,3rd,-7.361454545
913,Kashif Khan,Computer Science,3rd,-7.375181818
914,Khalid Khan,Software Engineer,3rd,-7.388909091
915,Khalil Khan,Computer Engineer,3rd,-7.402636364
916,talha javeed,Computer Engineer,3rd,-7.416363636
917,Hilal Ahmad,Information Tech,3rd,-7.430090909
918,Abdullah,zoology   ,3rd,-7.443818182
919,Saqib Khan,Software Engineer,3rd,-7.457545455
920,Dawood Khan,Botony      ,3rd,-7.471272727
921,Qasim Khan,Computer Networking,3rd,-7.485
922,SAIFULLAH,Computer Science,3rd,-7.498727273
923,Kashif Khan,Computer Science,3rd,-7.512454545
924,Khalid Khan,Software Engineer,3rd,-7.526181818
925,Khalil Khan,Computer Engineer,3rd,-7.539909091
926,talha javeed,Computer Engineer,3rd,-7.553636364
927,Hilal Ahmad,Information Tech,3rd,-7.567363636
928,Abdullah,zoology   ,3rd,-7.581090909
929,Saqib Khan,Software Engineer,3rd,-7.594818182
930,Dawood Khan,Botony      ,3rd,-7.608545455
931,Qasim Khan,Computer Networking,3rd,-7.622272727
932,Umar Rahman,LAW and Sharia,3rd,-7.636
933,SAIFULLAH,Computer Science,3rd,-7.649727273
934,Kashif Khan,Computer Science,3rd,-7.663454545
935,Khalid Khan,Software Engineer,3rd,-7.677181818
936,Khalil Khan,Computer Engineer,3rd,-7.690909091
937,talha javeed,Computer Engineer,3rd,-7.704636364
938,Hilal Ahmad,Information Tech,3rd,-7.718363636
939,Abdullah,zoology   ,3rd,-7.732090909
940,Saqib Khan,Software Engineer,3rd,-7.745818182
941,Dawood Khan,Botony      ,3rd,-7.759545455
942,Qasim Khan,Computer Networking,3rd,-7.773272727
943,SAIFULLAH,Computer Science,3rd,-7.787
944,Kashif Khan,Computer Science,3rd,-7.800727273
945,Khalid Khan,Software Engineer,3rd,-7.814454545
946,Khalil Khan,Computer Engineer,3rd,-7.828181818
947,talha javeed,Computer Engineer,3rd,-7.841909091
948,Hilal Ahmad,Information Tech,3rd,-7.855636364
949,Abdullah,zoology   ,3rd,-7.869363636
950,Saqib Khan,Software Engineer,3rd,-7.883090909
951,Dawood Khan,Botony      ,3rd,-7.896818182
952,Qasim Khan,Computer Networking,3rd,-7.910545455
953,Umar Rahman,LAW and Sharia,3rd,-7.924272727
954,SAIFULLAH,Computer Science,3rd,-7.938
955,Kashif Khan,Computer Science,3rd,-7.951727273
956,Khalid Khan,Software Engineer,3rd,-7.965454545
957,Khalil Khan,Computer Engineer,3rd,-7.979181818
958,talha javeed,Computer Engineer,3rd,-7.992909091
959,Hilal Ahmad,Information Tech,3rd,-8.006636364
960,Abdullah,zoology   ,3rd,-8.020363636
961,Saqib Khan,Software Engineer,3rd,-8.034090909
962,Dawood Khan,Botony      ,3rd,-8.047818182
963,Qasim Khan,Computer Networking,3rd,-8.061545455
964,SAIFULLAH,Computer Science,3rd,-8.075272727
965,Kashif Khan,Computer Science,3rd,-8.089
966,Khalid Khan,Software Engineer,3rd,-8.102727273
967,Khalil Khan,Computer Engineer,3rd,-8.116454545
968,talha javeed,Computer Engineer,3rd,-8.130181818
969,Hilal Ahmad,Information Tech,3rd,-8.143909091
970,Abdullah,zoology   ,3rd,-8.157636364
971,Saqib Khan,Software Engineer,3rd,-8.171363636
972,Dawood Khan,Botony      ,3rd,-8.185090909
973,Qasim Khan,Computer Networking,3rd,-8.198818182
974,Umar Rahman,LAW and Sharia,3rd,-8.212545455
975,SAIFULLAH,Computer Science,3rd,-8.226272727
976,Kashif Khan,Computer Science,3rd,-8.24
977,Khalid Khan,Software Engineer,3rd,-8.253727273
978,Khalil Khan,Computer Engineer,3rd,-8.267454545
979,talha javeed,Computer Engineer,3rd,-8.281181818
980,Hilal Ahmad,Information Tech,3rd,-8.294909091
981,Abdullah,zoology   ,3rd,-8.308636364
982,Saqib Khan,Software Engineer,3rd,-8.322363636
983,Dawood Khan,Botony      ,3rd,-8.336090909
984,Qasim Khan,Computer Networking,3rd,-8.349818182
985,SAIFULLAH,Computer Science,3rd,-8.363545455
986,Kashif Khan,Computer Science,3rd,-8.377272727
987,Khalid Khan,Software Engineer,3rd,-8.391
988,Khalil Khan,Computer Engineer,3rd,-8.404727273
989,talha javeed,Computer Engineer,3rd,-8.418454545
990,Hilal Ahmad,Information Tech,3rd,-8.432181818
991,Abdullah,zoology   ,3rd,-8.445909091
992,Saqib Khan,Software Engineer,3rd,-8.459636364
993,Dawood Khan,Botony      ,3rd,-8.473363636
994,Qasim Khan,Computer Networking,3rd,-8.487090909
995,Umar Rahman,LAW and Sharia,3rd,-8.500818182
996,SAIFULLAH,Computer Science,3rd,-8.514545455
997,Kashif Khan,Computer Science,3rd,-8.528272727
998,Khalid Khan,Software Engineer,3rd,-8.542
999,Khalil Khan,Computer Engineer,3rd,-8.555727273
1000,talha javeed,Computer Engineer,3rd,-8.569454545
